,Alt-Ergo-0.95.2 result,Alt-Ergo-0.95.2 time,Alt-Ergo-1.01 result,Alt-Ergo-1.01 time,CVC3 result,CVC3 time,CVC4 result,CVC4 time,Yices result,Yices time,Z3-4.3.2 result,Z3-4.3.2 time,Z3-4.4.1 result,Z3-4.4.1 time,and,as,avg_op_arity,case,depth,divisor,eps,exists,false,file,float,forall,func,goal,if,iff,impl,int,let,n_branches,n_ops,n_preds,n_quants,not,or,size,theory,true,var,veriT result,veriT time,wild,zero_ar,Z3-4.3.2,CVC3,CVC4,Yices,Z3-4.4.1,veriT,Alt-Ergo-1.01,Alt-Ergo-0.95.2,Predicted Alt-Ergo-0.95.2,Predicted Alt-Ergo-1.01,Predicted CVC3,Predicted CVC4,Predicted Yices,Predicted Z3-4.3.2,Predicted Z3-4.4.1,Predicted veriT,key,rf,best,worst,best time,best result,worst time,worst result,rf time,rf result,rf no time,rf no result
vstte12_ring_buffer:RingBuffer:WP_parameter create,Valid,0.178865145089,Valid,0.180207334323,Valid,0.183596391867,Valid,0.212437268644,Valid,0.168565229519,Valid,0.19563592976,Valid,0.20020005576,12.0,0.0,1.907407,0.0,19.0,54.0,0.0,0.0,0.0,vstte12_ring_buffer.mlw,0.0,4.0,36.0,WP_parameter create,0.0,0.0,6.0,18.0,0.0,49.0,54.0,0.0,4.0,0.0,0.0,104.0,RingBuffer,0.0,28.0,Valid,0.172379783919,0.0,3.0,0.19563592976,0.183596391867,0.212437268644,0.168565229519,0.20020005576,0.172379783919,0.180207334323,0.178865145089,2.98818168591,2.45736055279,1.85661356502,3.2897070903,3.84429558637,2.72333348267,2.44358567823,3.58319124464,vstte12_ring_buffer:RingBuffer:WP_parameter create,3ZAza4vy,yvaA3zZ4,4Zz3Aavy,0.168565229519,Valid,0.212437268644,Valid,0.180207334323,Valid,0.183596391867,Valid
bitcount:AsciiCode:asciiProp,Valid,0.6869873776,Valid,0.4746186314,Valid,0.704270880556,Valid,0.232160757222,Unknown,0.402305427429,Failure,10.213356524,Valid,0.204910865143,2.0,0.0,1.636364,0.0,7.0,11.0,0.0,0.0,0.0,bitcount.mlw,0.0,1.0,6.0,asciiProp,0.0,1.0,0.0,0.0,0.0,6.0,12.0,1.0,1.0,2.0,1.0,19.0,AsciiCode,0.0,6.0,Unknown,0.201699679351,0.0,0.0,30.213356524,0.704270880556,0.232160757222,10.4023054274,0.204910865143,10.2016996794,0.4746186314,0.6869873776,9.49898024017,8.68787418642,8.84118685329,2.65081215057,9.14003577084,8.19446593737,5.19104120279,9.42850597032,bitcount:AsciiCode:asciiProp,4ZzA3yva,Z4Aa3vyz,zyv3aA4Z,0.204910865143,Valid,11.5216325113,Valid,0.4746186314,Valid,0.232160757222,Valid
euler001:DivModHints:div2_add,Valid,1.4790466472,Valid,0.168637705476,Valid,0.153882458079,Valid,0.143739594224,Valid,0.0951609865521,Valid,0.1093278268,Valid,0.1157590518,1.0,0.0,2.083333,0.0,6.0,12.0,0.0,0.0,0.0,euler001.mlw,0.0,1.0,10.0,div2_add,0.0,0.0,1.0,7.0,0.0,13.0,12.0,0.0,1.0,0.0,0.0,26.0,DivModHints,0.0,6.0,Valid,1.12937783879,0.0,0.0,0.1093278268,0.153882458079,0.143739594224,0.0951609865521,0.1157590518,1.12937783879,0.168637705476,1.4790466472,4.87423871966,3.63296167276,3.04591389697,4.59168951758,6.6385931571,5.71680259826,5.82014021298,6.14994703078,euler001:DivModHints:div2_add,3A4azZvy,yzZ43Ava,avA34Zzy,0.0951609865521,Valid,1.4790466472,Valid,0.168637705476,Valid,0.153882458079,Valid
dijkstra:DijkstraShortestPath:Completeness_lemma,Timeout,11.101486109,Timeout,10.1266965486,Timeout,10.0989407688,Timeout,11.1304785234,Timeout,10.0188448918,Timeout,10.13679379,Timeout,10.1435201922,0.0,0.0,2.5,0.0,9.0,12.0,0.0,0.0,0.0,dijkstra.mlw,0.0,6.0,7.0,Completeness_lemma,0.0,0.0,5.0,0.0,0.0,13.0,12.0,0.0,6.0,0.0,0.0,31.0,DijkstraShortestPath,0.0,13.0,Timeout,10.0879383744,0.0,0.0,30.13679379,30.0989407688,31.1304785234,30.0188448918,30.1435201922,30.0879383744,30.1266965486,31.101486109,6.95353305207,5.88884746701,5.87094869037,6.3362035002,8.52715659361,7.56312586277,6.8588233959,8.72568823638,dijkstra:DijkstraShortestPath:Completeness_lemma,3A4Zazyv,yv3AzZa4,4aZzA3vy,82.8446991982,Timeout,82.8446991982,Timeout,83.8446991982,Timeout,82.8446991982,Timeout
euler001:SumMultiple:div_3,Valid,0.132190121061,Valid,0.138149725889,Valid,0.115791568355,Valid,0.14069061017,Unknown,0.102231058109,Valid,0.131903143265,Valid,0.138094769738,0.0,0.0,2.25,0.0,5.0,4.0,0.0,0.0,0.0,euler001.mlw,0.0,1.0,3.0,div_3,0.0,0.0,1.0,3.0,0.0,5.0,4.0,0.0,1.0,0.0,0.0,10.0,SumMultiple,0.0,2.0,Unknown,0.100155756105,0.0,0.0,0.131903143265,0.115791568355,0.14069061017,10.1022310581,0.138094769738,10.1001557561,0.138149725889,0.132190121061,1.59512810477,1.56922464072,2.31442947199,2.80611395031,7.3935235194,2.17899908985,2.9158918077,5.02785245184,euler001:SumMultiple:div_3,Aaz34Zvy,3zaZA4vy,yv4AZaz3,0.115791568355,Valid,0.343077424384,Valid,0.138149725889,Valid,0.138149725889,Valid
euler001:DivModHints:div_succ_1,Timeout,11.0951937404,Unknown,9.7570126392,Valid,0.132706137256,Unknown,0.12766576812,Unknown,0.0899825760217,Timeout,10.1006554882,Timeout,10.112796759,1.0,0.0,2.076923,0.0,7.0,13.0,0.0,0.0,0.0,euler001.mlw,0.0,1.0,10.0,div_succ_1,0.0,0.0,2.0,6.0,0.0,14.0,13.0,0.0,1.0,0.0,0.0,28.0,DivModHints,0.0,8.0,Unknown,0.09349444038,0.0,0.0,30.1006554882,0.132706137256,10.1276657681,10.089982576,30.112796759,10.0934944404,19.7570126392,31.0951937404,7.01932666681,5.73739281632,5.3553036317,6.49619329499,8.13909426803,8.84823670336,8.78583647399,7.51362002872,euler001:DivModHints:div_succ_1,3A4avyZz,3yv4AzZa,aZzA4vy3,0.132706137256,Valid,41.5095075486,Valid,1.13270613726,Valid,0.132706137256,Valid
resizable_array:Test:WP_parameter test2,Valid,0.13534069113,Valid,0.143159117842,Valid,0.122763197,Valid,0.151440605,Valid,0.11771582935,Valid,0.139604277067,Valid,0.1416482265,47.0,0.0,2.104895,0.0,24.0,143.0,0.0,0.0,0.0,resizable_array.mlw,0.0,13.0,81.0,WP_parameter test2,0.0,0.0,15.0,48.0,0.0,146.0,143.0,0.0,13.0,0.0,0.0,302.0,Test,0.0,98.0,Failure,7.610297716,0.0,0.0,0.139604277067,0.122763197,0.151440605,0.11771582935,0.1416482265,27.610297716,0.143159117842,0.13534069113,6.22524651104,3.66902522804,4.03971644005,4.78998755209,7.19572212455,5.28322601697,5.4444944969,9.03154319639,resizable_array:Test:WP_parameter test2,A34zZayv,y3azZA4v,v4AZza3y,0.11771582935,Valid,7.761738321,Valid,0.143159117842,Valid,0.143159117842,Valid
sudoku:Solver:valid_unchanged_chunks,Unknown,0.312166634163,Valid,0.285784285583,Unknown,0.412675303859,Valid,0.273713010029,Timeout,10.218560817,Valid,0.253026368,Valid,0.252552195611,4.0,0.0,2.136364,0.0,11.0,22.0,0.0,0.0,0.0,sudoku.mlw,0.0,1.0,11.0,valid_unchanged_chunks,0.0,0.0,3.0,2.0,3.0,25.0,22.0,0.0,1.0,1.0,0.0,48.0,Solver,0.0,23.0,Failure,2.8348976522,0.0,0.0,0.253026368,10.4126753039,0.273713010029,30.218560817,0.252552195611,22.8348976522,0.285784285583,10.3121666342,5.82250488176,4.99700947932,6.1335223826,7.48188342197,9.1232847465,6.28108519901,5.40384440419,6.2230559368,sudoku:Solver:valid_unchanged_chunks,AZa3vz4y,Zz4Aa3vy,yv3aA4zZ,0.252552195611,Valid,14.0640846928,Valid,0.285784285583,Valid,0.285784285583,Valid
flag2:Flag:nb_occ_store_neq_eq,Unknown,0.857122499583,Unknown,0.221095813625,Timeout,10.0640357358,Timeout,10.1158975634,Valid,0.0816635982857,Timeout,10.0738825398,Timeout,10.0946480074,1.0,0.0,2.333333,0.0,8.0,15.0,0.0,0.0,0.0,flag2.mlw,0.0,1.0,10.0,nb_occ_store_neq_eq,0.0,0.0,3.0,1.0,0.0,20.0,15.0,0.0,1.0,1.0,0.0,36.0,Flag,0.0,19.0,Timeout,10.0740084268,0.0,0.0,30.0738825398,30.0640357358,30.1158975634,0.0816635982857,30.0946480074,30.0740084268,10.2210958136,10.8571224996,6.6877978166,6.19905188425,8.3637303338,9.16935417608,10.2939372201,8.37536181258,7.93328658398,8.260010885,flag2:Flag:nb_occ_store_neq_eq,AaZv3z4y,yAa3zvZ4,4Zvz3aAy,0.0816635982857,Valid,51.5823541847,Valid,51.8034499983,Valid,51.5823541847,Valid
bitvector_examples:Test_imperial_violet:bv32_bounds_0,Valid,0.1661281864,Valid,0.1739205984,Valid,0.1757861442,Timeout,10.1664500876,Unknown,0.361653415923,Valid,0.298650444667,Timeout,10.1390120262,0.0,0.0,2.0,0.0,4.0,2.0,0.0,0.0,0.0,bitvector_examples.mlw,0.0,1.0,2.0,bv32_bounds_0,0.0,0.0,0.0,1.0,0.0,2.0,2.0,0.0,1.0,0.0,0.0,5.0,Test_imperial_violet,0.0,1.0,Valid,0.169478333776,0.0,0.0,0.298650444667,0.1757861442,30.1664500876,10.3616534159,30.1390120262,0.169478333776,0.1739205984,0.1661281864,8.52739355967,8.51493603267,8.47902513181,10.5081596165,11.0036205028,10.1527627381,9.85894509089,11.3248652875,bitvector_examples:Test_imperial_violet:bv32_bounds_0,3AaZz4yv,avA3zyZ4,4Zyz3Ava,0.1661281864,Valid,20.9657659744,Valid,0.1739205984,Valid,0.1757861442,Valid
hackers-delight:Hackers_delight:Ad,Timeout,11.1049265414,Valid,2.5564546612,Valid,1.3488684326,Valid,0.156576114256,Unknown,0.301552119846,Failure,4.7726017594,Valid,0.1540600787,0.0,0.0,1.4,0.0,5.0,5.0,0.0,0.0,0.0,hackers-delight.mlw,0.0,1.0,5.0,Ad,0.0,0.0,0.0,0.0,0.0,3.0,5.0,0.0,1.0,0.0,0.0,8.0,Hackers_delight,0.0,2.0,Unknown,0.145317406583,0.0,1.0,24.7726017594,1.3488684326,0.156576114256,10.3015521198,0.1540600787,10.1453174066,2.5564546612,31.1049265414,5.4033563311,4.45583906067,3.40580988506,1.79856172899,7.16294586263,8.73084179669,4.4801980951,5.61594392678,hackers-delight:Hackers_delight:Ad,43AZavyz,Z43Avyza,azyvA34Z,0.1540600787,Valid,18.8808524884,Valid,1.15657611426,Valid,0.156576114256,Valid
euler001:DivModHints:mod2_mul2_aux,Valid,0.132476565944,Valid,0.131515286731,Valid,0.12140688068,Timeout,10.1607135794,Unknown,0.0825353096,Valid,0.129677120808,Valid,0.1201805716,0.0,0.0,2.25,0.0,6.0,4.0,0.0,0.0,0.0,euler001.mlw,0.0,1.0,4.0,mod2_mul2_aux,0.0,0.0,0.0,3.0,0.0,5.0,4.0,0.0,1.0,0.0,0.0,10.0,DivModHints,0.0,2.0,Unknown,0.0833669826,0.0,0.0,0.129677120808,0.12140688068,30.1607135794,10.0825353096,0.1201805716,10.0833669826,0.131515286731,0.132476565944,2.3249435154,2.1228867081,2.92851692369,2.55382404274,8.42632896312,3.64831408805,2.84732508659,6.21588639585,euler001:DivModHints:mod2_mul2_aux,Aa4Z3zvy,Z3zAayv4,4vyaAz3Z,0.1201805716,Valid,10.4590924375,Valid,0.131515286731,Valid,0.131515286731,Valid
bubble_sort:BubbleSort:WP_parameter bubble_sort,Timeout,11.1199166784,Timeout,10.1424247224,Unknown,1.4879065114,Timeout,10.3296257834,Timeout,10.114901377,Valid,2.047256026,Valid,1.962457371,81.0,0.0,2.134752,0.0,42.0,282.0,0.0,0.0,0.0,bubble_sort.mlw,0.0,21.0,166.0,WP_parameter bubble_sort,1.0,0.0,27.0,55.0,8.0,299.0,283.0,1.0,21.0,0.0,0.0,603.0,BubbleSort,0.0,244.0,Timeout,10.1121706158,0.0,0.0,2.047256026,11.4879065114,30.3296257834,30.114901377,1.962457371,30.1121706158,30.1424247224,31.1199166784,13.2606933513,9.32009543463,12.2926201851,13.4030084004,13.4375262371,9.30262907315,9.53189921405,12.9010002981,bubble_sort:BubbleSort:WP_parameter bubble_sort,zAZ3va4y,Zz3vyA4a,a4Ayv3zZ,1.962457371,Valid,55.3542017144,Valid,3.047256026,Valid,2.047256026,Valid
random_access_list:RandomAccessList:WP_parameter length_flatten,Unknown,0.16632421181,Unknown,0.1768830282,Valid,0.142099055129,Valid,0.20045454951,Valid,0.13363384512,Timeout,10.1241198502,Timeout,10.1291437028,1.0,0.0,1.652174,2.0,8.0,23.0,0.0,0.0,1.0,random_access_list.mlw,0.0,1.0,21.0,WP_parameter length_flatten,0.0,0.0,1.0,3.0,0.0,21.0,25.0,2.0,1.0,0.0,0.0,45.0,RandomAccessList,0.0,12.0,Timeout,10.0998097842,3.0,2.0,30.1241198502,0.142099055129,0.20045454951,0.13363384512,30.1291437028,30.0998097842,10.1768830282,10.1663242118,3.77250931166,2.94115386368,4.34768496436,4.58261130888,4.21657847386,8.16091361352,8.25192661213,11.6727865084,random_access_list:RandomAccessList:WP_parameter length_flatten,Aay34zZv,y34aAvzZ,ZzvAa43y,0.13363384512,Valid,30.8967351267,Valid,0.65372411333,Valid,0.47684108513,Valid
braun_trees:BraunHeaps:WP_parameter remove_min,Valid,0.181971723765,Valid,0.165482814109,Valid,0.151548271808,Valid,0.165049830857,Valid,0.123780140105,Valid,1.9507385416,Valid,1.95658645529,15.0,0.0,1.707692,1.0,16.0,65.0,0.0,0.0,1.0,braun_trees.mlw,0.0,4.0,46.0,WP_parameter remove_min,0.0,0.0,3.0,4.0,0.0,46.0,66.0,1.0,4.0,1.0,0.0,115.0,BraunHeaps,0.0,39.0,Valid,0.1038904498,1.0,1.0,1.9507385416,0.151548271808,0.165049830857,0.123780140105,1.95658645529,0.1038904498,0.165482814109,0.181971723765,7.22207144264,5.9860788617,6.96102630647,7.45054457863,7.5829627828,9.6920720649,9.88916351543,11.0480724473,braun_trees:BraunHeaps:WP_parameter remove_min,A3a4yzZv,vy34AazZ,ZzaA43yv,0.1038904498,Valid,1.95658645529,Valid,0.165482814109,Valid,0.165482814109,Valid
bitvector_examples:Hackers_delight:DM6,Timeout,11.1288728348,Timeout,10.1709792334,Unknown,0.583239332571,Valid,0.1675095605,Unknown,0.327958205636,Failure,5.441744018,Timeout,10.1298110842,0.0,0.0,1.8,0.0,5.0,5.0,0.0,0.0,0.0,bitvector_examples.mlw,0.0,1.0,5.0,DM6,0.0,0.0,0.0,0.0,0.0,4.0,5.0,0.0,1.0,0.0,0.0,10.0,Hackers_delight,0.0,4.0,Unknown,0.173525540171,0.0,0.0,25.441744018,10.5832393326,0.1675095605,10.3279582056,30.1298110842,10.1735255402,30.1709792334,31.1288728348,13.2393346607,12.5699842624,11.8371295041,0.914237421146,10.1282412398,11.0830343438,9.83807930231,9.35435497164,bitvector_examples:Hackers_delight:DM6,4vZyz3Aa,4vy3zZAa,aAZz3yv4,0.1675095605,Valid,38.1236398093,Valid,1.1675095605,Valid,0.1675095605,Valid
random_access_list:RandomAccessListWithSeq:WP_parameter update,Valid,0.146831579823,Valid,0.149882404531,Unknown,2.0527014528,Valid,0.191227233179,Timeout,10.110607992,Timeout,10.1316596994,Timeout,10.1265786108,3.0,0.0,1.772727,0.0,9.0,22.0,0.0,0.0,0.0,random_access_list.mlw,0.0,2.0,17.0,WP_parameter update,0.0,0.0,2.0,2.0,0.0,16.0,22.0,0.0,2.0,0.0,0.0,40.0,RandomAccessListWithSeq,0.0,14.0,Unknown,0.12872604953,0.0,0.0,30.1316596994,12.0527014528,0.191227233179,30.110607992,30.1265786108,10.1287260495,0.149882404531,0.146831579823,4.98623612568,4.37321510884,4.75899752659,4.99884736588,7.25309573562,6.11633165056,5.76555490025,5.74095328899,random_access_list:RandomAccessListWithSeq:WP_parameter update,A3a4vZzy,aA4v3yZz,zZy3v4Aa,0.146831579823,Valid,32.7415010377,Valid,0.149882404531,Valid,0.149882404531,Valid
verifythis_fm2012_LRS:SuffixSort:WP_parameter compare,Valid,0.403540824397,Valid,0.183840205381,Unknown,0.184270972557,Timeout,10.1718440932,Timeout,10.128445642,Unknown,0.352910015103,Unknown,0.358770956378,26.0,0.0,2.236842,0.0,24.0,114.0,0.0,0.0,1.0,verifythis_fm2012_LRS.mlw,0.0,2.0,65.0,WP_parameter compare,5.0,0.0,16.0,33.0,7.0,135.0,119.0,5.0,2.0,0.0,0.0,256.0,SuffixSort,0.0,101.0,Timeout,10.1354454752,0.0,0.0,10.3529100151,10.1842709726,30.1718440932,30.128445642,10.3587709564,30.1354454752,0.183840205381,0.403540824397,12.4309053374,9.73042197637,10.8566888962,12.2800739471,11.3736355706,11.6098425432,12.4126887136,11.7177638437,verifythis_fm2012_LRS:SuffixSort:WP_parameter compare,A3yzv4Za,Aa3zZyv4,4vyZz3aA,0.183840205381,Valid,31.7352279788,Valid,0.183840205381,Valid,0.183840205381,Valid
register_allocation:InfinityOfRegisters:WP_parameter recover,Valid,0.158445644083,Valid,0.15606878808,Valid,0.189839553904,Valid,0.278438039735,Valid,0.295840605233,Valid,0.193769698667,Valid,0.189116874625,4.0,0.0,1.793103,0.0,13.0,29.0,0.0,0.0,0.0,register_allocation.mlw,0.0,3.0,22.0,WP_parameter recover,0.0,0.0,2.0,0.0,1.0,21.0,29.0,0.0,3.0,0.0,0.0,53.0,InfinityOfRegisters,0.0,21.0,Valid,0.16212986469,0.0,0.0,0.193769698667,0.189839553904,0.278438039735,0.295840605233,0.189116874625,0.16212986469,0.15606878808,0.158445644083,6.8399837074,5.83392349157,5.66093461021,3.68314789372,8.37979315736,6.54270255467,5.04982942036,7.44153408534,register_allocation:InfinityOfRegisters:WP_parameter recover,4Z3Azavy,AavZ3z4y,y4z3ZvaA,0.15606878808,Valid,0.295840605233,Valid,0.15606878808,Valid,0.278438039735,Valid
vstte12_tree_reconstruction:ZipperBasedTermination:WP_parameter tc,Valid,0.2154211278,Valid,0.227298954577,Valid,0.2059189974,Valid,0.214610017167,Valid,0.126363505273,Timeout,10.1467851156,Timeout,10.0314494332,15.0,0.0,1.666667,8.0,14.0,168.0,0.0,0.0,0.0,vstte12_tree_reconstruction.mlw,0.0,1.0,143.0,WP_parameter tc,2.0,0.0,0.0,12.0,5.0,127.0,178.0,10.0,1.0,0.0,5.0,301.0,ZipperBasedTermination,2.0,107.0,Valid,0.123995772,1.0,5.0,30.1467851156,0.2059189974,0.214610017167,0.126363505273,30.0314494332,0.123995772,0.227298954577,0.2154211278,12.7914691275,9.444418352,11.5675186524,13.3165049341,12.4124562366,12.0825486703,12.3486151102,12.3360442089,vstte12_tree_reconstruction:ZipperBasedTermination:WP_parameter tc,A3zvZya4,vy34aAZz,zZAa43yv,0.123995772,Valid,20.4055335034,Valid,0.227298954577,Valid,0.227298954577,Valid
vstte12_ring_buffer:RingBuffer:WP_parameter head,Unknown,0.206514915737,Unknown,0.24747739887,Timeout,10.1564834588,Timeout,10.1953073458,Failure,7.4924514192,Timeout,10.1901689874,Timeout,10.1773723452,11.0,0.0,1.978723,1.0,17.0,47.0,0.0,0.0,1.0,vstte12_ring_buffer.mlw,0.0,2.0,32.0,WP_parameter head,0.0,0.0,4.0,7.0,0.0,48.0,48.0,1.0,2.0,0.0,0.0,97.0,RingBuffer,0.0,38.0,Timeout,10.1579377426,1.0,1.0,30.1901689874,30.1564834588,30.1953073458,27.4924514192,30.1773723452,30.1579377426,10.2474773989,10.2065149157,4.6986173585,3.85865016633,4.6654867324,6.36665268498,5.99337295078,5.43350264161,5.28175980725,8.17719142335,vstte12_ring_buffer:RingBuffer:WP_parameter head,A3aZzy4v,aAy3vZz4,4zZv3yAa,58.8237136136,Unknown,58.8237136136,Timeout,59.0711910125,Unknown,58.8237136136,Unknown
mergesort_list:Elt:Trans,Valid,0.138133857769,Valid,0.150715137545,Valid,0.15049196626,Valid,0.1549012055,Valid,0.148823473299,Valid,0.145128295968,Valid,0.14595402722,0.0,0.0,2.2,0.0,5.0,5.0,0.0,0.0,0.0,mergesort_list.mlw,0.0,1.0,3.0,Trans,0.0,0.0,2.0,0.0,0.0,6.0,5.0,0.0,1.0,0.0,0.0,12.0,Elt,0.0,6.0,Valid,0.13964782075,0.0,0.0,0.145128295968,0.15049196626,0.1549012055,0.148823473299,0.14595402722,0.13964782075,0.150715137545,0.138133857769,3.0093243214,2.71406018811,2.57765889699,3.64569643735,4.57239672736,3.2643258981,2.88270409298,3.9781518601,mergesort_list:Elt:Trans,3AZaz4vy,avzZy3A4,4A3yZzva,0.138133857769,Valid,0.1549012055,Valid,0.150715137545,Valid,0.15049196626,Valid
fibonacci:Zeckendorf:WP_parameter zeckendorf_unique,Unknown,0.499335762111,Unknown,4.2340572456,Timeout,10.107409301,Valid,0.4394250431,Timeout,10.114560142,Timeout,10.1273536186,Timeout,10.1245639628,79.0,0.0,1.697802,5.0,21.0,364.0,0.0,0.0,4.0,fibonacci.mlw,0.0,7.0,265.0,WP_parameter zeckendorf_unique,0.0,0.0,8.0,67.0,6.0,273.0,369.0,5.0,7.0,6.0,0.0,635.0,Zeckendorf,0.0,184.0,Timeout,10.1158184422,4.0,14.0,30.1273536186,30.107409301,0.4394250431,30.114560142,30.1245639628,30.1158184422,14.2340572456,10.4993357621,12.5208234394,10.0275497659,11.0304142228,12.8278462568,12.1506538743,10.4180387478,10.8104901764,11.7936436106,fibonacci:Zeckendorf:WP_parameter zeckendorf_unique,AzZ3vya4,4aA3yvZz,zZvy3Aa4,0.4394250431,Valid,55.7625235174,Valid,56.7625235174,Valid,55.7625235174,Valid
hackers-delight:Hackers_delight:DM2,Timeout,11.1078051466,Timeout,10.1189294872,Unknown,0.519015255,Valid,0.155166774641,Unknown,0.306243562294,Failure,4.8095992502,Valid,0.12917446242,0.0,0.0,1.666667,0.0,5.0,6.0,0.0,0.0,0.0,hackers-delight.mlw,0.0,1.0,6.0,DM2,0.0,0.0,0.0,0.0,0.0,4.0,6.0,0.0,1.0,0.0,0.0,11.0,Hackers_delight,0.0,4.0,Unknown,0.148315146625,0.0,0.0,24.8095992502,10.519015255,0.155166774641,10.3062435623,0.12917446242,10.1483151466,30.1189294872,31.1078051466,13.6107085137,13.0536788844,11.0507930321,2.15356466678,10.3354350075,11.4615521268,4.15080124277,10.2279534954,hackers-delight:Hackers_delight:DM2,4Zvy3zAa,Z4vy3zAa,aAz3yv4Z,0.12917446242,Valid,27.1650746226,Valid,1.15516677464,Valid,0.155166774641,Valid
bellman_ford:Graph:long_path_decomposition_pigeon1,Valid,7.4126538752,Valid,1.025035813,Timeout,10.130338811,Timeout,10.2016001278,Timeout,10.1835780188,Failure,10.1830422574,Failure,10.1724324126,0.0,0.0,1.666667,0.0,8.0,12.0,0.0,0.0,0.0,bellman_ford.mlw,0.0,2.0,8.0,long_path_decomposition_pigeon1,0.0,0.0,3.0,0.0,0.0,10.0,12.0,0.0,2.0,1.0,0.0,21.0,Graph,0.0,7.0,Timeout,10.1261168016,0.0,3.0,30.1830422574,30.130338811,30.2016001278,30.1835780188,30.1724324126,30.1261168016,1.025035813,7.4126538752,9.21488201409,7.50237618495,7.65933598259,7.55361032858,10.5461284216,9.16694848835,8.79050347949,10.4875073607,bellman_ford:Graph:long_path_decomposition_pigeon1,A43Zzavy,Aav3Zzy4,4yzZ3vaA,1.025035813,Valid,68.4097623044,Valid,2.025035813,Valid,1.025035813,Valid
euler002:Solve:WP_parameter run,Valid,0.108047352875,Valid,0.10293946324,Valid,0.0867758404167,Valid,0.104123246212,Valid,0.0868710585082,Valid,0.0952280484,Valid,0.0902377746,0.0,0.0,2.0,0.0,2.0,1.0,0.0,0.0,0.0,euler002.mlw,0.0,0.0,1.0,WP_parameter run,0.0,0.0,0.0,2.0,0.0,2.0,1.0,0.0,0.0,0.0,0.0,3.0,Solve,0.0,0.0,Valid,0.07321028874,0.0,0.0,0.0952280484,0.0867758404167,0.104123246212,0.0868710585082,0.0902377746,0.07321028874,0.10293946324,0.108047352875,0.327029692208,0.322711212695,0.0904217549398,0.514799050186,0.375812835063,0.512255663429,0.513514243254,0.372444142737,euler002:Solve:WP_parameter run,3AavyzZ4,v3yZzA4a,a4AzZy3v,0.07321028874,Valid,0.108047352875,Valid,0.10293946324,Valid,0.0867758404167,Valid
sudoku:Solver:full_up_to_change,Valid,0.4528265424,Valid,0.27097566655,Valid,0.256835002882,Valid,0.2526885772,Valid,0.242206613818,Valid,0.2417989364,Valid,0.2489353124,2.0,0.0,2.090909,0.0,6.0,11.0,0.0,0.0,0.0,sudoku.mlw,0.0,1.0,7.0,full_up_to_change,0.0,0.0,2.0,3.0,0.0,12.0,11.0,0.0,1.0,0.0,0.0,24.0,Solver,0.0,9.0,Unknown,0.518665100036,0.0,0.0,0.2417989364,0.256835002882,0.2526885772,0.242206613818,0.2489353124,10.5186651,0.27097566655,0.4528265424,5.57551253187,4.62818676525,5.24783105201,5.67976118262,8.53388145703,7.28875282127,7.18802030261,6.22050221021,sudoku:Solver:full_up_to_change,A3a4vZzy,zyZ43Aav,vaA34Zyz,0.2417989364,Valid,0.971491642436,Valid,0.27097566655,Valid,0.27097566655,Valid
induction:LemmaFunction1:WP_parameter ind,Valid,0.0877161846552,Valid,0.089740621,Valid,0.063432103989,Timeout,10.0737772116,Valid,0.05996785826,Valid,0.083738761878,Valid,0.0823243527581,3.0,0.0,2.066667,0.0,9.0,15.0,0.0,0.0,0.0,induction.mlw,0.0,1.0,9.0,WP_parameter ind,1.0,0.0,2.0,5.0,1.0,15.0,16.0,1.0,1.0,0.0,0.0,32.0,LemmaFunction1,0.0,10.0,Valid,0.05934931399,0.0,0.0,0.083738761878,0.063432103989,30.0737772116,0.05996785826,0.0823243527581,0.05934931399,0.089740621,0.0877161846552,4.76370583483,3.94623466452,3.86255231566,6.3159263321,7.7374029163,5.52742809276,5.44044688573,6.92483944771,induction:LemmaFunction1:WP_parameter ind,3AaZz4vy,vy3ZzaA4,4AazZ3yv,0.05934931399,Valid,10.1635178326,Valid,0.089740621,Valid,0.063432103989,Valid
there_and_back_again:Convolution:WP_parameter convolution,Valid,0.117546896053,Valid,0.117998331775,Unknown,0.303063579091,Valid,0.144858468316,Valid,0.117986282364,Valid,0.1224142108,Valid,0.132371239625,3.0,0.0,1.772727,0.0,12.0,22.0,0.0,1.0,0.0,there_and_back_again.mlw,0.0,2.0,17.0,WP_parameter convolution,0.0,0.0,2.0,0.0,0.0,15.0,22.0,0.0,3.0,0.0,0.0,40.0,Convolution,0.0,15.0,Valid,0.0985366775588,0.0,0.0,0.1224142108,10.3030635791,0.144858468316,0.117986282364,0.132371239625,0.0985366775588,0.117998331775,0.117546896053,7.74051131365,6.75632853982,6.76121552909,5.23930395211,9.47726087106,7.30703541874,6.57781853751,8.59038261489,there_and_back_again:Convolution:WP_parameter convolution,4ZA3zavy,vayAzZ43,34ZzAyav,0.0985366775588,Valid,0.447922047407,Valid,0.117998331775,Valid,0.144858468316,Valid
maximum_subarray:Algo3:WP_parameter maximum_subarray_rec,Timeout,11.1831510258,Timeout,10.2047248968,Timeout,10.1752766116,Timeout,11.2029453834,Timeout,10.1713367752,Timeout,10.210150264,Timeout,10.2155935552,372.0,0.0,2.222045,0.0,57.0,1252.0,0.0,0.0,0.0,maximum_subarray.mlw,0.0,116.0,731.0,WP_parameter maximum_subarray_rec,16.0,0.0,125.0,82.0,24.0,1399.0,1268.0,16.0,116.0,0.0,0.0,2783.0,Algo3,0.0,1317.0,Timeout,10.1893846932,0.0,0.0,30.210150264,30.1752766116,31.2029453834,30.1713367752,30.2155935552,30.1893846932,30.2047248968,31.1831510258,13.8573777474,11.4330247343,10.7508393394,14.2824666263,13.6366615018,10.2572788309,10.5371443378,13.575501174,maximum_subarray:Algo3:WP_parameter maximum_subarray_rec,zZ3Avya4,y3vAzZa4,4aZzAv3y,83.5525632052,Timeout,83.5525632052,Timeout,84.5525632052,Timeout,83.5525632052,Timeout
topological_sorting:Online_Basic:WP_parameter create,Valid,0.123353573356,Valid,0.12781059156,Valid,0.155415695318,Valid,0.163679737737,Timeout,10.0922580306,Valid,0.134462221716,Valid,0.133245909266,0.0,0.0,2.0,0.0,6.0,5.0,0.0,0.0,0.0,topological_sorting.mlw,0.0,2.0,4.0,WP_parameter create,0.0,0.0,1.0,1.0,0.0,4.0,5.0,0.0,2.0,0.0,0.0,11.0,Online_Basic,0.0,3.0,Valid,0.110766332548,0.0,0.0,0.134462221716,0.155415695318,0.163679737737,30.0922580306,0.133245909266,0.110766332548,0.12781059156,0.123353573356,6.6753887705,6.16395530571,5.84877618029,7.46744660741,8.2483938777,6.84554116127,7.69978950865,7.81442578624,topological_sorting:Online_Basic:WP_parameter create,3Aaz4Zvy,vaAZz34y,y43zZAav,0.110766332548,Valid,10.2559377683,Valid,0.12781059156,Valid,0.155415695318,Valid
vstte12_tree_reconstruction:TreeReconstruction:WP_parameter build,Unknown,0.163453064,Unknown,0.13568637064,Timeout,10.1837445816,Timeout,11.135236641,Failure,8.609037572,Valid,0.218341905,Valid,0.219803713,1.0,0.0,2.105263,1.0,10.0,19.0,0.0,0.0,0.0,vstte12_tree_reconstruction.mlw,0.0,5.0,13.0,WP_parameter build,0.0,0.0,2.0,5.0,0.0,20.0,20.0,1.0,5.0,3.0,0.0,44.0,TreeReconstruction,0.0,13.0,Timeout,10.1193054956,1.0,1.0,0.218341905,30.1837445816,31.135236641,28.609037572,0.219803713,30.1193054956,10.1356863706,10.163453064,3.65156176275,3.10230064273,4.05606165882,5.10139616415,5.52654420052,8.11559481501,7.95177264853,9.86620850716,vstte12_tree_reconstruction:TreeReconstruction:WP_parameter build,Aa34yZzv,zZAayv34,43vyaAZz,0.218341905,Valid,40.5662674378,Valid,30.5826483129,Valid,30.4469619422,Valid
queens_bv:Solution:partial_solution_eq_prefix,Valid,0.144122006444,Valid,0.142553682467,Valid,0.140233679842,Valid,0.13549230821,Valid,0.121300702526,Valid,0.124591224143,Valid,0.131002580517,0.0,0.0,2.4,0.0,5.0,5.0,0.0,0.0,0.0,queens_bv.mlw,0.0,1.0,3.0,partial_solution_eq_prefix,0.0,0.0,2.0,0.0,0.0,7.0,5.0,0.0,1.0,0.0,0.0,13.0,Solution,0.0,7.0,Valid,0.121454184167,0.0,0.0,0.124591224143,0.140233679842,0.13549230821,0.121300702526,0.131002580517,0.121454184167,0.142553682467,0.144122006444,2.86481546401,2.42805358373,2.40497781105,3.42447374054,4.7228627786,3.25999356616,2.65588912465,3.94623436604,queens_bv:Solution:partial_solution_eq_prefix,3AZaz4vy,yvzZ43Aa,aA34Zzvy,0.121300702526,Valid,0.144122006444,Valid,0.142553682467,Valid,0.140233679842,Valid
verifythis_fm2012_LRS:LRS:WP_parameter lrs,Timeout,11.1676793506,Unknown,0.276785203619,Timeout,10.1540418886,Timeout,10.247066523,Timeout,10.1523452926,Timeout,10.1592141978,Timeout,10.1596482202,124.0,0.0,2.150289,0.0,44.0,346.0,0.0,2.0,0.0,verifythis_fm2012_LRS.mlw,0.0,22.0,183.0,WP_parameter lrs,1.0,0.0,25.0,58.0,3.0,374.0,347.0,1.0,24.0,11.0,0.0,745.0,LRS,0.0,316.0,Timeout,10.1500480238,0.0,0.0,30.1592141978,30.1540418886,30.247066523,30.1523452926,30.1596482202,30.1500480238,10.2767852036,31.1676793506,12.5642527939,9.27276048674,12.2833626751,12.6372964697,12.6486803859,7.9855611602,7.97670390205,12.7835783118,verifythis_fm2012_LRS:LRS:WP_parameter lrs,ZzA3a4yv,Avy3zZ4a,a4Zz3yvA,72.4668287002,Unknown,72.4668287002,Timeout,72.7436139038,Timeout,72.4668287002,Timeout
bitvector_examples:Hackers_delight_mod:WP_parameter sr1,Timeout,11.127242093,Timeout,10.1501875556,Timeout,10.1334223378,Valid,0.166352102536,Unknown,0.36726752156,Failure,8.3830367554,Valid,0.160515821462,1.0,0.0,1.6875,0.0,9.0,16.0,0.0,0.0,0.0,bitvector_examples.mlw,0.0,1.0,14.0,WP_parameter sr1,0.0,0.0,1.0,3.0,0.0,12.0,16.0,0.0,1.0,0.0,0.0,28.0,Hackers_delight_mod,0.0,8.0,Unknown,0.153043886733,0.0,1.0,28.3830367554,30.1334223378,0.166352102536,10.3672675216,0.160515821462,10.1530438867,30.1501875556,31.127242093,7.37035928651,6.36190346257,6.02562012216,5.241457841,7.22219944585,6.9703668801,6.57508979387,8.46845095173,bitvector_examples:Hackers_delight_mod:WP_parameter sr1,43AZzyav,Z4vyz3Aa,aA3zyv4Z,0.160515821462,Valid,40.4805522526,Valid,1.16635210254,Valid,0.166352102536,Valid
hackers-delight:Hackers_delight:IE4,Timeout,11.111459719,Timeout,10.1243326948,Valid,0.392153795143,Valid,0.1600398688,Unknown,0.301428951857,Failure,4.873624392,Timeout,10.1419101824,1.0,0.0,2.0,0.0,7.0,10.0,0.0,0.0,0.0,hackers-delight.mlw,0.0,1.0,7.0,IE4,0.0,0.0,1.0,0.0,0.0,10.0,10.0,0.0,1.0,1.0,0.0,21.0,Hackers_delight,0.0,10.0,Unknown,0.15130017599,0.0,0.0,24.873624392,0.392153795143,0.1600398688,10.3014289519,30.1419101824,10.151300176,30.1243326948,31.111459719,10.7204970955,10.1643058965,11.6260295261,2.87676688114,9.31804489506,8.78471197667,4.17825050628,9.10573935725,hackers-delight:Hackers_delight:IE4,4ZzvyAa3,43vyzAZa,aZAzyv34,0.1600398688,Valid,37.0962099112,Valid,1.1600398688,Valid,0.1600398688,Valid
selection_sort:SelectionSort:WP_parameter test1,Valid,0.133917876259,Valid,0.139899337159,Valid,0.133872408453,Valid,0.15428016122,Valid,0.127033700667,Valid,0.15550672322,Valid,0.149077827913,11.0,0.0,2.176471,0.0,13.0,34.0,0.0,0.0,0.0,selection_sort.mlw,0.0,4.0,19.0,WP_parameter test1,0.0,0.0,4.0,22.0,0.0,37.0,34.0,0.0,4.0,0.0,0.0,75.0,SelectionSort,0.0,15.0,Valid,0.102466149,0.0,0.0,0.15550672322,0.133872408453,0.15428016122,0.127033700667,0.149077827913,0.102466149,0.139899337159,0.133917876259,0.466576494877,0.408751652107,0.306029362696,0.561486769113,1.03436757492,0.253480353243,0.22496011933,2.71997302312,selection_sort:SelectionSort:WP_parameter test1,Zz3Aa4yv,vy3aAZ4z,z4ZAa3yv,0.102466149,Valid,0.15550672322,Valid,0.139899337159,Valid,0.149077827913,Valid
random_access_list:RandomAccessListWithSeq:WP_parameter tail,Valid,2.147797974,Valid,0.459482886333,Failure,5.9091299676,Timeout,10.200235517,Timeout,10.1434621296,Timeout,10.1464665454,Timeout,10.1328222148,4.0,0.0,1.744186,2.0,14.0,43.0,0.0,0.0,2.0,random_access_list.mlw,0.0,3.0,36.0,WP_parameter tail,0.0,0.0,3.0,9.0,0.0,38.0,45.0,2.0,3.0,0.0,0.0,84.0,RandomAccessListWithSeq,0.0,23.0,Unknown,0.1101736954,2.0,2.0,30.1464665454,25.9091299676,30.200235517,30.1434621296,30.1328222148,10.1101736954,0.459482886333,2.147797974,6.778701624,5.40970965651,7.20067193501,7.15040021381,7.38129066743,8.82787661289,9.21647307549,9.8293855583,random_access_list:RandomAccessListWithSeq:WP_parameter tail,Aa43yzZv,Aav3Zyz4,4zyZ3vaA,0.459482886333,Valid,48.7900880438,Valid,0.459482886333,Valid,0.459482886333,Valid
verifythis_fm2012_LRS:SuffixSort_test:WP_parameter bench,Valid,0.960892878,Valid,0.198405077217,Valid,0.1924406967,Valid,0.238779618789,Valid,0.191966263256,Valid,0.191675085038,Valid,0.203175339487,55.0,0.0,2.138298,0.0,37.0,188.0,0.0,0.0,0.0,verifythis_fm2012_LRS.mlw,0.0,17.0,106.0,WP_parameter bench,0.0,0.0,26.0,96.0,1.0,198.0,188.0,0.0,17.0,0.0,0.0,403.0,SuffixSort_test,0.0,102.0,Timeout,10.1333595006,0.0,0.0,0.191675085038,0.1924406967,0.238779618789,0.191966263256,0.203175339487,30.1333595006,0.198405077217,0.960892878,9.52411104907,5.95047565835,6.02687816257,7.30266612018,9.38144204223,5.99344019042,6.04779700792,11.8134367439,verifythis_fm2012_LRS:SuffixSort_test:WP_parameter bench,Az3Z4yav,zy3AZ4av,va4ZA3yz,0.191675085038,Valid,11.0942523786,Valid,0.198405077217,Valid,0.198405077217,Valid
vstte12_tree_reconstruction:ZipperBased:map_leaf_only_leaf,Unknown,0.212818163692,Unknown,0.18407024575,Unknown,0.289745271531,Timeout,11.1493757794,Timeout,10.126244233,Timeout,10.1179086838,Timeout,10.112871356,0.0,0.0,1.5,0.0,4.0,2.0,0.0,0.0,0.0,vstte12_tree_reconstruction.mlw,0.0,1.0,2.0,map_leaf_only_leaf,0.0,0.0,0.0,0.0,0.0,1.0,2.0,0.0,1.0,0.0,0.0,4.0,ZipperBased,0.0,1.0,Timeout,10.1255386286,0.0,0.0,30.1179086838,10.2897452715,31.1493757794,30.126244233,30.112871356,30.1255386286,10.1840702458,10.2128181637,9.03493407595,8.52137630132,8.12538958663,7.75453541835,9.99301604559,10.6495339269,8.46628090714,10.0954910897,vstte12_tree_reconstruction:ZipperBased:map_leaf_only_leaf,43ZAayvz,Aa3Zzvy4,4yvzZ3aA,52.3185723618,Unknown,52.3185723618,Timeout,52.5026426075,Timeout,52.3185723618,Timeout
tree_height:HeightStack:sizes_nonneg,Unknown,0.1066885446,Unknown,0.125552473333,Unknown,1.2181345514,Unknown,0.1325655296,Unknown,0.111440256327,Timeout,10.1152671166,Timeout,10.1080578828,0.0,0.0,2.0,0.0,4.0,2.0,0.0,0.0,0.0,tree_height.mlw,0.0,1.0,2.0,sizes_nonneg,0.0,0.0,0.0,1.0,0.0,2.0,2.0,0.0,1.0,0.0,0.0,5.0,HeightStack,0.0,1.0,Timeout,10.1445350704,0.0,0.0,30.1152671166,11.2181345514,10.1325655296,10.1114402563,30.1080578828,30.1445350704,10.1255524733,10.1066885446,8.52739355967,8.51493603267,8.47902513181,10.5081596165,11.0036205028,10.1527627381,9.85894509089,11.3248652875,tree_height:HeightStack:sizes_nonneg,3AaZz4yv,ayA43Zzv,vzZ34Aya,32.0622414251,Unknown,32.0622414251,Timeout,32.1877938984,Unknown,32.0622414251,Unknown
hackers-delight:Hackers_delight:RS_right,Timeout,11.1249823076,Timeout,10.1239382558,Timeout,10.123879102,Valid,0.153701153583,Unknown,0.307588474429,Failure,4.8183318614,Valid,0.132984066378,0.0,0.0,1.625,0.0,6.0,8.0,0.0,0.0,0.0,hackers-delight.mlw,0.0,1.0,8.0,RS_right,0.0,0.0,0.0,2.0,0.0,6.0,8.0,0.0,1.0,0.0,0.0,14.0,Hackers_delight,0.0,3.0,Unknown,0.142425151907,0.0,1.0,24.8183318614,30.123879102,0.153701153583,10.3075884744,0.132984066378,10.1424251519,30.1239382558,31.1249823076,13.516283003,12.9869132236,11.7554893151,1.23008579505,10.0392573706,10.4110131896,2.12421990642,9.83785376541,hackers-delight:Hackers_delight:RS_right,4Zvyz3Aa,Z4vyz3Aa,aA3zyv4Z,0.132984066378,Valid,36.7948463067,Valid,1.15370115358,Valid,0.153701153583,Valid
same_fringe:Test:WP_parameter test3,Valid,0.109278880634,Valid,0.11682787918,Valid,0.09431990988,Valid,0.118756053,Valid,0.0914914078421,Valid,0.112744662929,Valid,0.11346978577,0.0,0.0,0.0,0.0,1.0,0.0,0.0,0.0,0.0,same_fringe.mlw,0.0,0.0,0.0,WP_parameter test3,0.0,0.0,0.0,0.0,0.0,1.0,0.0,0.0,0.0,0.0,0.0,1.0,Test,1.0,0.0,Valid,0.08881463705,0.0,0.0,0.112744662929,0.09431990988,0.118756053,0.0914914078421,0.11346978577,0.08881463705,0.11682787918,0.109278880634,0.172429784059,0.171775069407,0.111921691717,0.420161613325,0.338431200258,0.415043047436,0.41627073331,0.308849054095,same_fringe:Test:WP_parameter test3,3AavyzZ4,vy3azZA4,4AZza3yv,0.08881463705,Valid,0.118756053,Valid,0.11682787918,Valid,0.09431990988,Valid
verifythis_fm2012_LRS:SuffixArray:WP_parameter create,Valid,0.44167744315,Valid,0.20497905312,Valid,0.424568159388,Valid,0.349110042844,Valid,0.195614646536,Valid,0.212324018086,Valid,0.21975886275,29.0,0.0,2.2,0.0,24.0,105.0,0.0,0.0,0.0,verifythis_fm2012_LRS.mlw,0.0,12.0,59.0,WP_parameter create,0.0,0.0,15.0,26.0,2.0,115.0,105.0,0.0,12.0,0.0,0.0,232.0,SuffixArray,0.0,89.0,Timeout,10.1265198864,0.0,0.0,0.212324018086,0.424568159388,0.349110042844,0.195614646536,0.21975886275,30.1265198864,0.20497905312,0.44167744315,10.2226920424,7.54322594854,7.01530176622,8.4949851051,9.82352114874,8.40416596619,8.41703190636,10.6977864356,verifythis_fm2012_LRS:SuffixArray:WP_parameter create,3AzZ4yav,yAzZ43av,va34ZzAy,0.195614646536,Valid,10.5681973296,Valid,0.20497905312,Valid,0.424568159388,Valid
vacid_0_sparse_array:SparseArray:WP_parameter get,Valid,0.253302656723,Valid,0.150583560564,Valid,0.1409299121,Valid,0.164813259588,Valid,0.125992508265,Valid,0.14996562952,Valid,0.1477938812,17.0,0.0,2.084746,0.0,14.0,59.0,0.0,0.0,0.0,vacid_0_sparse_array.mlw,0.0,3.0,38.0,WP_parameter get,1.0,1.0,3.0,9.0,1.0,63.0,61.0,2.0,3.0,0.0,0.0,124.0,SparseArray,0.0,51.0,Valid,0.11505840658,0.0,3.0,0.14996562952,0.1409299121,0.164813259588,0.125992508265,0.1477938812,0.11505840658,0.150583560564,0.253302656723,4.88853391396,3.77947863262,3.81107554359,6.65035389532,5.59608286517,4.41183855375,4.33934788996,6.93091992897,vacid_0_sparse_array:SparseArray:WP_parameter get,A3Zzay4v,vy3ZzA4a,a4AzZ3yv,0.11505840658,Valid,0.253302656723,Valid,0.150583560564,Valid,0.150583560564,Valid
vstte10_queens:NQueens:WP_parameter test8,Valid,0.165832854107,Valid,0.166783012526,Valid,0.168142583415,Valid,0.169369852489,Valid,0.167523349,Valid,0.16459362317,Valid,0.1691222188,4.0,0.0,2.142857,0.0,10.0,14.0,0.0,0.0,0.0,vstte10_queens.mlw,0.0,2.0,8.0,WP_parameter test8,0.0,0.0,2.0,8.0,0.0,15.0,14.0,0.0,2.0,0.0,0.0,31.0,NQueens,0.0,7.0,Valid,0.162803919642,0.0,0.0,0.16459362317,0.168142583415,0.169369852489,0.167523349,0.1691222188,0.162803919642,0.166783012526,0.165832854107,2.34954637297,1.86007945995,1.36053007728,1.82165833258,2.75103727375,2.17056997826,1.95028693801,2.26636327994,vstte10_queens:NQueens:WP_parameter test8,34AZzvay,vzaAy3Z4,4Z3yAazv,0.162803919642,Valid,0.169369852489,Valid,0.166783012526,Valid,0.168142583415,Valid
bitvector_examples:Test_from_bitvector_example:to_int_0x000000FF,Valid,0.275943633571,Valid,0.199537678831,Valid,0.7474709174,Valid,0.157751951077,Unknown,0.341153726714,Failure,5.512565509,Valid,0.156014998118,0.0,0.0,1.2,0.0,5.0,5.0,0.0,0.0,0.0,bitvector_examples.mlw,0.0,0.0,5.0,to_int_0x000000FF,0.0,0.0,0.0,2.0,0.0,3.0,5.0,0.0,0.0,0.0,0.0,7.0,Test_from_bitvector_example,0.0,0.0,Unknown,0.171016222722,0.0,1.0,25.512565509,0.7474709174,0.157751951077,10.3411537267,0.156014998118,10.1710162227,0.199537678831,0.275943633571,1.12790687803,1.02961258238,0.711490231256,0.158112413981,10.2917034134,10.8898680939,0.157087225935,10.0064700858,bitvector_examples:Test_from_bitvector_example:to_int_0x000000FF,Z43Aavyz,Z4Aa3vyz,zyv3aA4Z,0.156014998118,Valid,6.77220637584,Valid,0.199537678831,Valid,0.156014998118,Valid
bitvector_examples:Hackers_delight_mod:WP_parameter dm5,Timeout,11.1460608032,Timeout,10.150525399,Unknown,0.84134204223,Valid,0.156883520222,Unknown,0.342645500531,Failure,5.586304342,Valid,0.160854547741,0.0,0.0,1.6,0.0,5.0,5.0,0.0,0.0,0.0,bitvector_examples.mlw,0.0,1.0,5.0,WP_parameter dm5,0.0,0.0,0.0,1.0,0.0,3.0,5.0,0.0,1.0,0.0,0.0,9.0,Hackers_delight_mod,0.0,2.0,Unknown,0.2109583448,0.0,0.0,25.586304342,10.8413420422,0.156883520222,10.3426455005,0.160854547741,10.2109583448,30.150525399,31.1460608032,9.43572942294,8.80502086952,7.60339353619,2.35493526592,8.85149664008,9.59915302581,5.19883715082,7.98083848867,bitvector_examples:Hackers_delight_mod:WP_parameter dm5,4Z3vAyaz,4Zvy3zAa,aAz3yvZ4,0.156883520222,Valid,28.4386909795,Valid,1.15688352022,Valid,0.156883520222,Valid
vacid_0_sparse_array:SparseArray:WP_parameter set,Unknown,0.725162644212,Unknown,0.198463913014,Timeout,10.1373306368,Valid,1.09050217511,Valid,2.0193632678,Valid,0.18535968704,Valid,0.187882505962,48.0,0.0,2.08982,0.0,32.0,167.0,0.0,0.0,0.0,vacid_0_sparse_array.mlw,0.0,11.0,102.0,WP_parameter set,1.0,1.0,11.0,24.0,3.0,175.0,169.0,2.0,11.0,3.0,0.0,350.0,SparseArray,0.0,146.0,Timeout,10.1106200984,0.0,5.0,0.18535968704,30.1373306368,1.09050217511,2.0193632678,0.187882505962,30.1106200984,10.198463913,10.7251626442,10.4363684094,7.12423564238,9.61680507493,11.8584301889,11.2990543082,9.37760464255,9.35548304574,11.740447687,vacid_0_sparse_array:SparseArray:WP_parameter set,AZz3ayv4,zZ4yAav3,3vaAy4Zz,0.18535968704,Valid,23.1909405602,Valid,0.58481033199,Valid,0.386346418976,Valid
bitvector_examples:Hackers_delight_mod:WP_parameter bp1,Timeout,11.1303034144,Timeout,10.149608548,Unknown,0.8714320576,Valid,0.164650700529,Unknown,0.333371953929,Failure,5.43609586079,Valid,0.1733617542,5.0,0.0,2.058824,0.0,8.0,17.0,0.0,0.0,0.0,bitvector_examples.mlw,0.0,1.0,11.0,WP_parameter bp1,0.0,0.0,1.0,0.0,0.0,18.0,17.0,0.0,1.0,0.0,0.0,36.0,Hackers_delight_mod,0.0,18.0,Unknown,0.174258236725,0.0,0.0,25.4360958608,10.8714320576,0.164650700529,10.3333719539,0.1733617542,10.1742582367,30.149608548,31.1303034144,9.53515586174,8.64539434518,9.63652162272,3.49274472142,9.51667225496,8.49384134986,4.61082456975,9.31429685483,bitvector_examples:Hackers_delight_mod:WP_parameter bp1,4ZzAvya3,4Zvy3zAa,aAz3yvZ4,0.164650700529,Valid,28.2684318256,Valid,1.16465070053,Valid,0.164650700529,Valid
topological_sorting:Static:WP_parameter topo_order,Timeout,11.0999837186,Timeout,10.1173610988,Valid,2.2214054836,Timeout,11.1202569276,Timeout,10.1685856722,Timeout,10.1359039424,Timeout,10.123444418,19.0,0.0,1.714286,0.0,21.0,98.0,0.0,0.0,0.0,topological_sorting.mlw,0.0,5.0,72.0,WP_parameter topo_order,1.0,0.0,4.0,9.0,2.0,66.0,99.0,1.0,5.0,1.0,0.0,169.0,Static,0.0,56.0,Timeout,10.099917545,0.0,1.0,30.1359039424,2.2214054836,31.1202569276,30.1685856722,30.123444418,30.099917545,30.1173610988,31.0999837186,12.178237963,9.63265630327,10.4613174831,11.7969981908,11.0026630095,12.3587596567,12.7129859122,11.7166919518,topological_sorting:Static:WP_parameter topo_order,A3yv4azZ,3vAZzya4,4ayzZAv3,2.2214054836,Valid,75.0868588062,Valid,13.3387665824,Valid,12.3387665824,Valid
vstte12_tree_reconstruction:ZipperBased:right_nil,Timeout,11.1214069136,Timeout,10.1289798862,Timeout,10.159351761,Timeout,11.0565503302,Unknown,1.9331383674,Timeout,10.1191201316,Timeout,10.1124899494,0.0,0.0,1.7,0.0,9.0,10.0,0.0,0.0,0.0,vstte12_tree_reconstruction.mlw,0.0,2.0,7.0,right_nil,0.0,0.0,2.0,1.0,0.0,6.0,10.0,0.0,2.0,1.0,0.0,18.0,ZipperBased,0.0,5.0,Timeout,10.1158134556,0.0,0.0,30.1191201316,30.159351761,31.0565503302,11.9331383674,30.1124899494,30.1158134556,30.1289798862,31.1214069136,10.0267482877,8.57987100517,8.07885331746,6.86579657613,9.72909730477,9.35690973177,7.90929587854,9.4948528374,vstte12_tree_reconstruction:ZipperBased:right_nil,4Z3Azvya,yZvzA34a,a43AzvZy,74.746850795,Unknown,74.746850795,Timeout,75.746850795,Timeout,74.746850795,Timeout
vacid_0_build_maze:BuildMaze:WP_parameter build_maze,Timeout,11.0795689262,Unknown,0.127274758233,Timeout,10.129384714,Unknown,0.1261262355,Unknown,0.080948014,Valid,2.422579766,Valid,3.1284849222,76.0,0.0,2.123028,0.0,49.0,317.0,0.0,0.0,0.0,vacid_0_build_maze.mlw,0.0,23.0,206.0,WP_parameter build_maze,7.0,8.0,29.0,53.0,3.0,319.0,332.0,15.0,23.0,3.0,0.0,674.0,BuildMaze,0.0,266.0,Unknown,0.0817940769577,0.0,0.0,2.422579766,30.129384714,10.1261262355,10.080948014,3.1284849222,10.081794077,10.1272747582,31.0795689262,12.834588201,9.56169801247,12.4566308034,13.0984325872,13.2047253631,8.09414233519,8.23182332752,13.3031331998,vacid_0_build_maze:BuildMaze:WP_parameter build_maze,zZA3a4yv,zZyv4A3a,a3A4vyZz,2.422579766,Valid,24.7535816471,Valid,2.54985452423,Valid,2.422579766,Valid
bitcount:BitCounting32:WP_parameter proof2,Timeout,11.1504242738,Timeout,10.1676073062,Timeout,10.1631002078,Timeout,10.1913803616,Unknown,0.3823608941,Failure,5.56973860206,Timeout,10.1524736862,18.0,0.0,1.850649,0.0,23.0,154.0,3.0,0.0,0.0,bitcount.mlw,0.0,4.0,130.0,WP_parameter proof2,0.0,0.0,3.0,52.0,3.0,128.0,157.0,0.0,4.0,0.0,0.0,289.0,BitCounting32,0.0,76.0,Unknown,0.185919684692,0.0,0.0,25.5697386021,30.1631002078,30.1913803616,10.3823608941,30.1524736862,10.1859196847,30.1676073062,31.1504242738,14.3963690629,13.2432173303,13.0158298562,13.8387269719,10.6896594535,12.1119793608,13.4156353527,10.8366375951,bitcount:BitCounting32:WP_parameter proof2,yvz3AZ4a,vyzZ3A4a,a4A3Zzyv,57.9630050165,Unknown,57.9630050165,Timeout,58.9630050165,Unknown,57.9630050165,Unknown
bitvector_examples:Hackers_delight:SR1,Timeout,11.1282073234,Timeout,10.136975445,Timeout,10.1334499726,Valid,0.163896225935,Unknown,0.352497001378,Failure,8.1374181508,Valid,0.173760759,1.0,0.0,1.6875,0.0,9.0,16.0,0.0,0.0,0.0,bitvector_examples.mlw,0.0,1.0,14.0,SR1,0.0,0.0,1.0,3.0,0.0,12.0,16.0,0.0,1.0,0.0,0.0,28.0,Hackers_delight,0.0,8.0,Unknown,0.156742390919,0.0,1.0,28.1374181508,30.1334499726,0.163896225935,10.3524970014,0.173760759,10.1567423909,30.136975445,31.1282073234,7.37035928651,6.36190346257,6.02562012216,5.241457841,7.22219944585,6.9703668801,6.57508979387,8.46845095173,bitvector_examples:Hackers_delight:SR1,43AZzyav,4Zvyz3Aa,aA3zyvZ4,0.163896225935,Valid,40.2190510431,Valid,1.16389622594,Valid,0.163896225935,Valid
euler001:SumMultiple:Closed_formula_n_15,Valid,1.5129941258,Timeout,10.1092782498,Valid,0.4489322342,Valid,0.177917348313,Unknown,0.119471922172,Timeout,10.1299980932,Timeout,10.1305544934,1.0,0.0,1.916667,0.0,8.0,12.0,0.0,0.0,0.0,euler001.mlw,0.0,1.0,8.0,Closed_formula_n_15,0.0,0.0,3.0,6.0,0.0,11.0,12.0,0.0,1.0,0.0,0.0,24.0,SumMultiple,0.0,5.0,Unknown,0.16101509652,0.0,0.0,30.1299980932,0.4489322342,0.177917348313,10.1194719222,30.1305544934,10.1610150965,30.1092782498,1.5129941258,8.07506915882,5.80915205278,4.81648983825,6.0439095407,8.93134812865,10.6705710185,10.6105532051,8.30315208804,euler001:SumMultiple:Closed_formula_n_15,3A4avyZz,43ayvAzZ,ZzAvya34,0.177917348313,Valid,32.1633119809,Valid,1.4489322342,Valid,0.4489322342,Valid
mccarthy:McCarthy91:WP_parameter f91_nonrec,Valid,0.988951361143,Valid,0.2304263858,Valid,0.168021234529,Timeout,10.098768454,Timeout,10.0667520984,Valid,0.10255538228,Valid,0.10165227732,13.0,0.0,2.079545,0.0,17.0,88.0,0.0,0.0,0.0,mccarthy.mlw,0.0,6.0,68.0,WP_parameter f91_nonrec,2.0,0.0,5.0,36.0,0.0,88.0,90.0,2.0,6.0,0.0,2.0,184.0,McCarthy91,0.0,52.0,Unknown,0.508626253875,0.0,0.0,0.10255538228,0.168021234529,30.098768454,30.0667520984,0.10165227732,10.5086262539,0.2304263858,0.988951361143,9.40440107206,8.08940240584,8.17426085524,9.80710287044,8.19789168715,9.26399970194,9.54903871767,9.0616066766,mccarthy:McCarthy91:WP_parameter f91_nonrec,A3yvzaZ4,Zz3Aavy4,4yvaA3zZ,0.10165227732,Valid,21.6630981674,Valid,0.2304263858,Valid,0.2304263858,Valid
bitvector_examples:Hackers_delight:DM5,Timeout,11.134109651,Timeout,10.148143857,Unknown,0.837147234322,Valid,0.1539169456,Unknown,0.342560941409,Failure,5.5958994458,Valid,0.146652816903,0.0,0.0,1.6,0.0,5.0,5.0,0.0,0.0,0.0,bitvector_examples.mlw,0.0,1.0,5.0,DM5,0.0,0.0,0.0,1.0,0.0,3.0,5.0,0.0,1.0,0.0,0.0,9.0,Hackers_delight,0.0,2.0,Unknown,0.2142349428,0.0,0.0,25.5958994458,10.8371472343,0.1539169456,10.3425609414,0.146652816903,10.2142349428,30.148143857,31.134109651,9.43572942294,8.80502086952,7.60339353619,2.35493526592,8.85149664008,9.59915302581,5.19883715082,7.98083848867,bitvector_examples:Hackers_delight:DM5,4Z3vAyaz,Z4vy3zAa,aAz3yv4Z,0.146652816903,Valid,28.4260130179,Valid,1.1539169456,Valid,0.1539169456,Valid
fib_memo:FibMemo:WP_parameter memo_fibo,Valid,0.11735799746,Valid,0.087220161,Valid,0.0783246711951,Valid,0.1180486624,Valid,0.0979107668953,Valid,0.0988511806267,Valid,0.0995275333684,8.0,0.0,1.857143,0.0,16.0,42.0,0.0,0.0,0.0,fib_memo.mlw,0.0,5.0,28.0,WP_parameter memo_fibo,0.0,0.0,5.0,8.0,1.0,33.0,42.0,0.0,5.0,0.0,0.0,79.0,FibMemo,0.0,24.0,Timeout,10.0705260684,0.0,1.0,0.0988511806267,0.0783246711951,0.1180486624,0.0979107668953,0.0995275333684,30.0705260684,0.087220161,0.11735799746,4.01305819153,3.02337585471,2.41833948958,4.30385523967,5.52370176472,4.13849149175,3.92723309017,5.28135077712,fib_memo:FibMemo:WP_parameter memo_fibo,3AZaz4vy,3AyzZa4v,v4aZzyA3,0.0783246711951,Valid,10.1885747308,Valid,0.087220161,Valid,0.0783246711951,Valid
hackers-delight:Hackers_delight:Aq,Timeout,11.1010216358,Timeout,10.1205089102,Timeout,10.110850672,Valid,0.236177577987,Unknown,0.302488524095,Timeout,10.126231023,Valid,0.15597239922,0.0,0.0,1.666667,0.0,5.0,6.0,0.0,0.0,0.0,hackers-delight.mlw,0.0,1.0,6.0,Aq,0.0,0.0,0.0,0.0,0.0,5.0,6.0,0.0,1.0,0.0,0.0,11.0,Hackers_delight,0.0,4.0,Unknown,0.15628756504,0.0,1.0,30.126231023,30.110850672,0.236177577987,10.3024885241,0.15597239922,10.156287565,30.1205089102,31.1010216358,12.8632338956,12.2808817166,10.7632436382,2.19136336833,10.0931357666,10.9742429197,3.86495718177,9.70242508678,hackers-delight:Hackers_delight:Aq,4Zvy3zAa,Z4vy3Aza,azA3yv4Z,0.15597239922,Valid,42.1535659081,Valid,1.23617757799,Valid,0.236177577987,Valid
resizable_array:ResizableArrayImplem:WP_parameter resize,Valid,0.214277075562,Valid,0.158467256948,Valid,0.1523544144,Valid,0.1641516918,Valid,0.12276235069,Valid,0.140982567205,Valid,0.151329760643,42.0,0.0,2.126582,0.0,22.0,158.0,0.0,0.0,0.0,resizable_array.mlw,0.0,17.0,93.0,WP_parameter resize,1.0,0.0,19.0,32.0,2.0,161.0,159.0,1.0,17.0,0.0,2.0,337.0,ResizableArrayImplem,0.0,129.0,Valid,0.371409308583,0.0,0.0,0.140982567205,0.1523544144,0.1641516918,0.12276235069,0.151329760643,0.371409308583,0.158467256948,0.214277075562,10.2509470901,6.91834098155,9.17480351186,12.2633123304,12.0230713095,9.17616300896,9.15562560377,11.9298976447,resizable_array:ResizableArrayImplem:WP_parameter resize,AZ3zavy4,yzZ3A4av,va4A3Zzy,0.12276235069,Valid,0.371409308583,Valid,0.158467256948,Valid,0.158467256948,Valid
tree_of_list:TreeOfList:WP_parameter tree_of_list,Valid,0.187318554897,Valid,0.154496306771,Timeout,10.1658852176,Valid,0.216804188639,Unknown,0.118492649623,Valid,0.189753721222,Valid,0.195406374615,8.0,0.0,1.755556,0.0,15.0,45.0,0.0,0.0,0.0,tree_of_list.mlw,0.0,2.0,31.0,WP_parameter tree_of_list,0.0,0.0,3.0,9.0,3.0,34.0,45.0,0.0,2.0,0.0,0.0,80.0,TreeOfList,0.0,24.0,Unknown,0.1304955335,0.0,1.0,0.189753721222,30.1658852176,0.216804188639,10.1184926496,0.195406374615,10.1304955335,0.154496306771,0.187318554897,7.06951538685,5.81095093983,5.65060520523,6.22199617257,7.04384688704,7.16287004802,7.51535546841,6.91896603717,tree_of_list:TreeOfList:WP_parameter tree_of_list,3A4vyazZ,AazZ4yv3,3vy4ZzaA,0.154496306771,Valid,10.6316775894,Valid,0.154496306771,Valid,10.3203815244,Valid
binary_search:BinarySearchAnyMidPoint:WP_parameter binary_search,Valid,0.175553835125,Valid,0.2046775732,Unknown,3.3884901346,Valid,0.190791917,Valid,0.188528551583,Valid,0.183848922383,Valid,0.176841701121,33.0,0.0,2.153226,0.0,23.0,124.0,0.0,0.0,0.0,binary_search.mlw,0.0,11.0,75.0,WP_parameter binary_search,3.0,0.0,15.0,22.0,0.0,130.0,127.0,3.0,11.0,1.0,0.0,268.0,BinarySearchAnyMidPoint,0.0,108.0,Timeout,10.1608109376,0.0,0.0,0.183848922383,13.3884901346,0.190791917,0.188528551583,0.176841701121,30.1608109376,0.2046775732,0.175553835125,4.50304374672,3.11378672102,5.29494893965,5.66062647777,6.23687617277,4.58910906559,4.6258947448,7.86132446953,binary_search:BinarySearchAnyMidPoint:WP_parameter binary_search,AazZ34yv,aZzy4A3v,v3A4yzZa,0.175553835125,Valid,13.7539786454,Valid,0.2046775732,Valid,0.2046775732,Valid
sudoku:Grid:subset_valid_chunk,Valid,0.249144045083,Valid,0.269479105429,Unknown,0.508604826,Valid,0.2527961892,Unknown,0.251030713667,Valid,0.251132144267,Valid,0.25138379,2.0,0.0,2.555556,0.0,8.0,9.0,0.0,0.0,0.0,sudoku.mlw,0.0,2.0,5.0,subset_valid_chunk,0.0,0.0,2.0,0.0,0.0,13.0,9.0,0.0,2.0,0.0,0.0,24.0,Grid,0.0,13.0,Failure,2.7452902254,0.0,0.0,0.251132144267,10.508604826,0.2527961892,10.2510307137,0.25138379,22.7452902254,0.269479105429,0.249144045083,6.45075176319,5.1692631379,4.55896984648,4.65250668577,7.04797231878,6.68307029263,6.0366735504,6.73884392141,sudoku:Grid:subset_valid_chunk,34AZazvy,azZ4Ay3v,v3yA4Zza,0.249144045083,Valid,3.7744048705,Valid,0.269479105429,Valid,0.7614010152,Valid
binary_sqrt:BinarySqrt:WP_parameter sqrt_main,Valid,0.093191203,Valid,0.112128171727,Valid,0.081922052,Valid,0.100575178086,Unknown,0.083417809407,Valid,0.0836417674,Valid,0.106606819214,7.0,0.0,2.034483,0.0,10.0,29.0,0.0,0.0,0.0,binary_sqrt.mlw,4.0,2.0,20.0,WP_parameter sqrt_main,0.0,0.0,2.0,3.0,0.0,29.0,29.0,0.0,2.0,0.0,0.0,60.0,BinarySqrt,0.0,22.0,Unknown,0.0725940440741,0.0,0.0,0.0836417674,0.081922052,0.100575178086,10.0834178094,0.106606819214,10.0725940441,0.112128171727,0.093191203,3.96478883911,2.83333403138,2.78941630261,4.73375115911,5.79914005243,5.92315523672,5.31543248425,5.25314413628,binary_sqrt:BinarySqrt:WP_parameter sqrt_main,3Aa4vZyz,3za4ZAvy,yvAZ4az3,0.081922052,Valid,0.268140025208,Valid,0.112128171727,Valid,0.081922052,Valid
binary_search:BinarySearchInt32:WP_parameter binary_search,Timeout,11.2011654558,Valid,0.9576454528,Timeout,10.1901510692,Valid,0.889615592125,Unknown,0.4227765474,Failure,6.38060739933,Valid,0.2239785068,45.0,0.0,1.707904,0.0,55.0,291.0,0.0,0.0,0.0,binary_search.mlw,0.0,24.0,216.0,WP_parameter binary_search,3.0,3.0,28.0,27.0,0.0,183.0,297.0,6.0,24.0,2.0,0.0,498.0,BinarySearchInt32,0.0,150.0,Unknown,0.238496411857,0.0,6.0,26.3806073993,30.1901510692,0.889615592125,10.4227765474,0.2239785068,10.2384964119,0.9576454528,31.2011654558,10.4840812343,7.76434657021,9.05670000895,10.4235180481,10.2735749402,8.08550879639,8.15544559493,12.3401699061,binary_search:BinarySearchInt32:WP_parameter binary_search,AzZ3y4av,Z4Avyz3a,a3zyvA4Z,0.2239785068,Valid,29.3908423364,Valid,0.9576454528,Valid,0.9576454528,Valid
same_fringe:Test:WP_parameter test5,Valid,0.112223885553,Valid,0.11397020385,Valid,0.09366805682,Valid,0.11732634517,Valid,0.09152204409,Valid,0.115610575128,Valid,0.114947761176,0.0,0.0,0.0,0.0,1.0,0.0,0.0,0.0,0.0,same_fringe.mlw,0.0,0.0,0.0,WP_parameter test5,0.0,0.0,0.0,0.0,0.0,1.0,0.0,0.0,0.0,0.0,0.0,1.0,Test,1.0,0.0,Valid,0.0887173623412,0.0,0.0,0.115610575128,0.09366805682,0.11732634517,0.09152204409,0.114947761176,0.0887173623412,0.11397020385,0.112223885553,0.172429784059,0.171775069407,0.111921691717,0.420161613325,0.338431200258,0.415043047436,0.41627073331,0.308849054095,same_fringe:Test:WP_parameter test5,3AavyzZ4,vy3aAZz4,4zZAa3yv,0.0887173623412,Valid,0.11732634517,Valid,0.11397020385,Valid,0.09366805682,Valid
knuth_prime_numbers:PrimeNumbers:WP_parameter bench,Valid,0.15607384625,Valid,0.156000613727,Valid,0.157089735954,Valid,0.16985480007,Valid,0.147345726088,Valid,0.164021657955,Valid,0.16368115465,22.0,0.0,2.013333,0.0,24.0,75.0,0.0,0.0,0.0,knuth_prime_numbers.mlw,0.0,1.0,43.0,WP_parameter bench,0.0,0.0,10.0,53.0,0.0,76.0,75.0,0.0,1.0,0.0,0.0,152.0,PrimeNumbers,0.0,23.0,Valid,0.1254898135,0.0,0.0,0.164021657955,0.157089735954,0.16985480007,0.147345726088,0.16368115465,0.1254898135,0.156000613727,0.15607384625,1.83224992108,1.68764138104,1.12935910331,1.78861959667,1.52354336675,0.9442228998,0.978118343219,1.90184418719,knuth_prime_numbers:PrimeNumbers:WP_parameter bench,zZ3yA4av,vyAa3Zz4,4zZ3aAyv,0.1254898135,Valid,0.16985480007,Valid,0.156000613727,Valid,0.164021657955,Valid
gcd:BinaryGcd:gcd_odd_odd2,Valid,0.197777920537,Valid,0.224198419152,Timeout,10.1060952838,Timeout,10.1768979404,Unknown,0.137393754833,Timeout,10.134814488,Timeout,10.128859088,1.0,0.0,1.923077,0.0,9.0,13.0,0.0,0.0,0.0,gcd.mlw,0.0,1.0,9.0,gcd_odd_odd2,0.0,0.0,3.0,2.0,0.0,12.0,13.0,0.0,1.0,0.0,0.0,26.0,BinaryGcd,0.0,10.0,Unknown,0.126330296348,0.0,0.0,30.134814488,30.1060952838,30.1768979404,10.1373937548,30.128859088,10.1263302963,0.224198419152,0.197777920537,5.99123044482,4.91894252682,6.64952292816,7.08326425586,9.45611926093,7.90077401152,7.82584907035,7.20825410057,gcd:BinaryGcd:gcd_odd_odd2,Aa34vZzy,aAvy3Zz4,4zZ3yvAa,0.197777920537,Valid,41.0345892705,Valid,0.224198419152,Valid,0.224198419152,Valid
vstte12_ring_buffer:RingBuffer:WP_parameter clear,Valid,0.183859680872,Valid,0.187391810652,Valid,0.196212471028,Valid,0.21822799056,Valid,0.1659649298,Valid,0.19236489448,Valid,0.200593894,17.0,0.0,1.938272,0.0,20.0,81.0,0.0,0.0,0.0,vstte12_ring_buffer.mlw,0.0,5.0,55.0,WP_parameter clear,0.0,0.0,9.0,11.0,0.0,74.0,81.0,0.0,5.0,0.0,0.0,158.0,RingBuffer,0.0,61.0,Valid,0.17297676356,0.0,2.0,0.19236489448,0.196212471028,0.21822799056,0.1659649298,0.200593894,0.17297676356,0.187391810652,0.183859680872,6.00546451854,4.49074053143,4.03295834082,5.15380492992,5.5876317296,5.52858257854,5.43797462812,7.408632985,vstte12_ring_buffer:RingBuffer:WP_parameter clear,3A4Zzyav,yvaAz3Z4,4Z3zAavy,0.1659649298,Valid,0.21822799056,Valid,0.187391810652,Valid,0.196212471028,Valid
vstte12_ring_buffer:RingBufferSeq:WP_parameter push,Valid,0.220425959207,Valid,0.2084924375,Valid,0.236568527594,Valid,0.24567242415,Valid,0.177011169871,Valid,0.197203529636,Valid,0.191927411391,22.0,0.0,2.14,0.0,24.0,100.0,0.0,0.0,0.0,vstte12_ring_buffer.mlw,0.0,6.0,67.0,WP_parameter push,3.0,0.0,10.0,14.0,1.0,106.0,103.0,3.0,6.0,0.0,0.0,215.0,RingBufferSeq,0.0,92.0,Timeout,10.156569513,0.0,0.0,0.197203529636,0.236568527594,0.24567242415,0.177011169871,0.191927411391,30.156569513,0.2084924375,0.220425959207,7.84947496629,6.64853088377,8.18442538067,9.28644222521,8.08660412688,8.41794314469,8.44808160719,9.77020006177,vstte12_ring_buffer:RingBufferSeq:WP_parameter push,Aay3zZ4v,yZzAa34v,v43aAzZy,0.177011169871,Valid,10.4022419371,Valid,0.2084924375,Valid,0.2084924375,Valid
verifythis_fm2012_LRS:LCP:not_common_prefix_if_last_char_are_different,Valid,0.150753075472,Valid,0.15191381642,Unknown,0.165815422302,Timeout,11.1440461282,Timeout,10.1245428284,Valid,0.159935173771,Valid,0.16580053869,3.0,0.0,1.95,0.0,10.0,20.0,0.0,0.0,0.0,verifythis_fm2012_LRS.mlw,0.0,1.0,14.0,not_common_prefix_if_last_char_are_different,0.0,0.0,1.0,2.0,0.0,19.0,20.0,0.0,1.0,2.0,0.0,40.0,LCP,0.0,17.0,Valid,0.131397992952,0.0,0.0,0.159935173771,10.1658154223,31.1440461282,30.1245428284,0.16580053869,0.131397992952,0.15191381642,0.150753075472,6.7788242729,6.01228604098,6.5994093129,7.39385563829,9.71669192572,8.17876606754,7.41509174361,7.41728024565,verifythis_fm2012_LRS:LCP:not_common_prefix_if_last_char_are_different,A3a4Zvzy,vaAzZ3y4,4y3ZzAav,0.131397992952,Valid,21.6002049176,Valid,0.15191381642,Valid,0.15191381642,Valid
gcd:BinaryGcd:div_nonneg,Valid,0.12932453709,Valid,0.129760485365,Valid,0.131591257947,Valid,0.143328447652,Valid,0.127408601585,Valid,0.132751747,Valid,0.1181272484,0.0,0.0,2.25,0.0,5.0,4.0,0.0,0.0,0.0,gcd.mlw,0.0,1.0,3.0,div_nonneg,0.0,0.0,1.0,3.0,0.0,5.0,4.0,0.0,1.0,0.0,0.0,10.0,BinaryGcd,0.0,2.0,Valid,0.12078154585,0.0,0.0,0.132751747,0.131591257947,0.143328447652,0.127408601585,0.1181272484,0.12078154585,0.129760485365,0.12932453709,1.59512810477,1.56922464072,2.31442947199,2.80611395031,7.3935235194,2.17899908985,2.9158918077,5.02785245184,gcd:BinaryGcd:div_nonneg,Aaz34Zvy,ZvyaA3z4,4z3AayvZ,0.1181272484,Valid,0.143328447652,Valid,0.129760485365,Valid,0.129760485365,Valid
flag2:Flag:nb_occ_store_outside_up,Valid,0.096067147,Valid,0.0979409688621,Valid,0.0805696624754,Valid,0.10309739375,Valid,0.07715897561,Valid,0.100357544357,Valid,0.102141377255,1.0,0.0,2.75,0.0,6.0,8.0,0.0,0.0,0.0,flag2.mlw,0.0,1.0,6.0,nb_occ_store_outside_up,0.0,0.0,1.0,0.0,0.0,14.0,8.0,0.0,1.0,0.0,0.0,23.0,Flag,0.0,14.0,Timeout,10.0709776428,0.0,0.0,0.100357544357,0.0805696624754,0.10309739375,0.07715897561,0.102141377255,30.0709776428,0.0979409688621,0.096067147,5.8543340983,5.32580369559,7.39835775755,5.81073385602,8.55579645998,7.55473587391,6.53950808028,9.33763542406,flag2:Flag:nb_occ_store_outside_up,A4aZ3zyv,y3aAzZ4v,v4ZzAa3y,0.07715897561,Valid,10.1740750365,Valid,0.0979409688621,Valid,0.0979409688621,Valid
vstte10_queens:NQueens63:WP_parameter check_is_consistent,Valid,2.1952384652,Valid,0.278558649,Valid,0.961156913,Valid,0.2781568763,Valid,0.203386135137,Valid,0.176207160133,Valid,0.191594228679,23.0,0.0,1.63253,0.0,45.0,166.0,0.0,0.0,0.0,vstte10_queens.mlw,0.0,11.0,122.0,WP_parameter check_is_consistent,0.0,1.0,15.0,16.0,3.0,96.0,167.0,1.0,11.0,3.0,0.0,272.0,NQueens63,0.0,78.0,Unknown,0.174855502489,0.0,2.0,0.176207160133,0.961156913,0.2781568763,0.203386135137,0.191594228679,10.1748555025,0.278558649,2.1952384652,12.4414993594,9.82211573434,10.5985989284,12.3512417815,11.1526509356,11.7340477702,12.3090450392,11.5886583661,vstte10_queens:NQueens63:WP_parameter check_is_consistent,A3yvzZ4a,zZy4A3av,va3A4yZz,0.176207160133,Valid,2.37009396769,Valid,0.278558649,Valid,0.278558649,Valid
hackers-delight:Hackers_delight:Aj,Timeout,11.096628119,Valid,2.9271637704,Valid,1.653676443,Valid,0.156940656103,Unknown,0.3020033512,Timeout,10.1144771164,Valid,0.126939691189,0.0,0.0,1.666667,0.0,6.0,6.0,0.0,0.0,0.0,hackers-delight.mlw,0.0,1.0,6.0,Aj,0.0,0.0,0.0,0.0,0.0,5.0,6.0,0.0,1.0,0.0,0.0,11.0,Hackers_delight,0.0,4.0,Unknown,0.15008958825,0.0,1.0,30.1144771164,1.653676443,0.156940656103,10.3020033512,0.126939691189,10.1500895882,2.9271637704,31.096628119,12.7036494772,12.1413301428,10.7016310579,2.27788365566,10.0335959022,10.9363649389,4.13755881076,9.80069036991,hackers-delight:Hackers_delight:Aj,4Zvy3zAa,Z43Avyza,azyvA34Z,0.126939691189,Valid,24.5903619453,Valid,1.1569406561,Valid,0.156940656103,Valid
euler001:SumMultiple:div_15,Valid,0.129952571708,Valid,0.137151780554,Valid,0.109576492926,Valid,0.138893360522,Unknown,0.103508890877,Valid,0.134019689548,Valid,0.138585217506,0.0,0.0,2.25,0.0,5.0,4.0,0.0,0.0,0.0,euler001.mlw,0.0,1.0,3.0,div_15,0.0,0.0,1.0,3.0,0.0,5.0,4.0,0.0,1.0,0.0,0.0,10.0,SumMultiple,0.0,2.0,Unknown,0.0977528831528,0.0,0.0,0.134019689548,0.109576492926,0.138893360522,10.1035088909,0.138585217506,10.0977528832,0.137151780554,0.129952571708,1.59512810477,1.56922464072,2.31442947199,2.80611395031,7.3935235194,2.17899908985,2.9158918077,5.02785245184,euler001:SumMultiple:div_15,Aaz34Zvy,3azAZ4vy,yv4ZAza3,0.109576492926,Valid,0.340155134552,Valid,0.137151780554,Valid,0.137151780554,Valid
sudoku:Test:valid_values_solvable,Timeout,11.217526863,Timeout,10.2620713244,Valid,0.295270120963,Timeout,10.2865154306,Valid,8.368504417,Valid,0.300377590304,Valid,0.3170689446,0.0,0.0,0.5,0.0,2.0,2.0,0.0,0.0,0.0,sudoku.mlw,0.0,0.0,2.0,valid_values_solvable,0.0,0.0,0.0,0.0,0.0,1.0,2.0,0.0,0.0,0.0,0.0,2.0,Test,0.0,0.0,Failure,2.6906777592,0.0,1.0,0.300377590304,0.295270120963,30.2865154306,8.368504417,0.3170689446,22.6906777592,30.2620713244,31.217526863,1.09943129389,1.0471046432,0.712817220626,0.975048914745,1.43123437882,1.3255007607,1.04960625215,1.03875959414,sudoku:Test:valid_values_solvable,34vAZazy,3zZyvA4a,a4AvyZz3,0.295270120963,Valid,42.8252957942,Valid,1.29527012096,Valid,0.295270120963,Valid
hackers-delight:Utils_Spec:WP_parameter numof_or,Timeout,11.1018665758,Timeout,10.1179297044,Valid,0.302578375727,Valid,0.6875392277,Unknown,0.310716815872,Timeout,10.122552124,Valid,0.159516001871,2.0,0.0,2.448276,0.0,9.0,29.0,0.0,0.0,0.0,hackers-delight.mlw,0.0,1.0,25.0,WP_parameter numof_or,1.0,0.0,1.0,2.0,1.0,41.0,30.0,1.0,1.0,0.0,0.0,72.0,Utils_Spec,0.0,39.0,Unknown,0.138344834575,0.0,0.0,30.122552124,0.302578375727,0.6875392277,10.3107168159,0.159516001871,10.1383448346,30.1179297044,31.1018665758,7.82167279989,6.72430362431,5.85427633131,6.68396311852,10.0498826685,8.61416674983,6.30423847429,8.3146277522,hackers-delight:Utils_Spec:WP_parameter numof_or,3Z4Aavzy,Z34vyAza,azAyv43Z,0.159516001871,Valid,32.4789492823,Valid,1.30257837573,Valid,0.302578375727,Valid
